step,seed,budget,total_allocation,unallocated_budget,budget_utilization,reward,delta_lbr,delta_f,fairness_violation,fairness_cost,feasible,budget_respected,cap_respected,eligibility_ok,non_negative,log_prob,entropy
1,1001,496489926.49743235,496489926.4974325,0.0,1.0000000000000002,0.0014943000838882092,0.0022406913946764404,0.02,0,0.0,1,1,1,1,1,-27.88361358642578,42.88361358642578
2,1001,531194639.10039634,531194639.1003963,5.960464477539063e-08,0.9999999999999999,0.0015900611733676608,0.003910118539118195,0.02,0,0.0,1,1,1,1,1,-27.88361358642578,42.88361358642578
3,1001,519719341.382676,519719341.382676,0.0,1.0,0.0015593554085586406,0.005341603130098228,0.02,0,0.0,1,1,1,1,1,-27.88361358642578,42.88361358642578
4,1001,442255515.6589175,442255515.6589175,0.0,1.0,0.0014129941960876798,0.006792838482042131,0.02,0,0.0,1,1,1,1,1,-27.88361358642578,42.88361358642578
5,1001,422646824.6783448,422646824.6783448,0.0,1.0,0.0014075932623661732,0.00816961964869796,0.02,0,0.0,1,1,1,1,1,-27.88361358642578,42.88361358642578
6,1001,412992054.7979402,412992054.7979402,0.0,1.0,0.0013909952132137437,0.009393169104487252,0.02,0,0.0,1,1,1,1,1,-27.88361358642578,42.88361358642578
7,1001,492374633.71970874,492374633.7197089,0.0,1.0000000000000004,0.0016324532363332248,0.010240829202665558,0.02,0,0.0,1,1,1,1,1,-27.88361358642578,42.88361358642578
8,1001,461271676.6103573,461271676.6103573,0.0,1.0,0.0014986576955163236,0.011112906549880865,0.02,0,0.0,1,1,1,1,1,-27.88361358642578,42.88361358642578
9,1001,496319067.0209234,496319067.0209233,5.960464477539063e-08,0.9999999999999999,0.0016092848317424396,0.011742585018642553,0.02,0,0.0,1,1,1,1,1,-27.88361358642578,42.88361358642578
10,1001,463986658.7215283,463986658.7215283,0.0,1.0,0.0015057672578484781,0.012460763340234875,0.02,0,0.0,1,1,1,1,1,-27.88361358642578,42.88361358642578
11,1001,438820878.7207299,438820878.7207299,0.0,1.0,0.0014621060868271767,0.01308919709611205,0.02,0,0.0,1,1,1,1,1,-27.88361358642578,42.88361358642578
12,1001,425430800.81282264,425430800.8128226,5.960464477539063e-08,0.9999999999999999,0.0014187526556108496,0.013758749577175721,0.02,0,0.0,1,1,1,1,1,-27.88361358642578,42.88361358642578
13,1001,526755425.49042076,526755425.4904208,0.0,1.0000000000000002,0.0017418458309830514,0.014082239555079312,0.02,0,0.0,1,1,1,1,1,-27.88361358642578,42.88361358642578
14,1001,393814058.9237478,393814058.9237478,0.0,1.0,0.0012610209292294432,0.014643438880361064,0.02,0,0.0,1,1,1,1,1,-27.88361358642578,42.88361358642578
15,1001,456956936.71142244,456956936.71142244,0.0,1.0,0.001472597470428792,0.015093404126004541,0.02,0,0.0,1,1,1,1,1,-27.88361358642578,42.88361358642578
16,1001,479361158.4838079,479361158.4838079,0.0,1.0,0.001521134559242342,0.015414263237419372,0.02,0,0.0,1,1,1,1,1,-27.88361358642578,42.88361358642578
17,1001,414026144.1915165,414026144.1915165,0.0,1.0,0.0013495856639819635,0.01589638680267311,0.02,0,0.0,1,1,1,1,1,-27.88361358642578,42.88361358642578
18,1001,501534401.3124077,501534401.3124077,0.0,1.0,0.0016451349754733116,0.016174653829443754,0.02,0,0.0,1,1,1,1,1,-27.88361358642578,42.88361358642578
19,1001,475750208.60568696,475750208.60568696,0.0,1.0,0.001477103323059292,0.01647326224333519,0.02,0,0.0,1,1,1,1,1,-27.88361358642578,42.88361358642578
20,1001,439566432.47969395,439566432.4796939,5.960464477539063e-08,0.9999999999999999,0.001344477882006712,0.016826442775138846,0.02,0,0.0,1,1,1,1,1,-27.88361358642578,42.88361358642578
21,1001,470081865.70240027,470081865.7024002,5.960464477539063e-08,0.9999999999999999,0.0014218394875228446,0.017103321483329853,0.02,0,0.0,1,1,1,1,1,-27.88361358642578,42.88361358642578
22,1001,526006201.39522743,526006201.3952274,5.960464477539063e-08,0.9999999999999999,0.0016495586893302938,0.017255913772791946,0.02,0,0.0,1,1,1,1,1,-27.88361358642578,42.88361358642578
23,1001,503591977.117526,503591977.117526,0.0,1.0,0.0015713548075082927,0.017407381792725912,0.02,0,0.0,1,1,1,1,1,-27.88361358642578,42.88361358642578
24,1001,521587825.627188,521587825.6271881,0.0,1.0000000000000002,0.0016129271621912993,0.017544266375886595,0.02,0,0.0,1,1,1,1,1,-27.88361358642578,42.88361358642578
25,1001,1525324139.744414,1525324139.744414,0.0,1.0,0.00460239456287822,0.01702465013795219,0.02,0,0.0,0,1,0,1,1,-27.88361358642578,42.88361358642578
26,1001,1920447449.512185,1920447449.512185,0.0,1.0,0.005820013440269069,0.016614669588595057,0.02,0,0.0,0,1,0,1,1,-27.88361358642578,42.88361358642578
27,1001,1661264486.8203351,1661264486.8203347,4.76837158203125e-07,0.9999999999999997,0.005067129750180221,0.016215380405161017,0.02,0,0.0,0,1,0,1,1,-27.88361358642578,42.88361358642578
28,1001,814987853.3395333,814987853.3395332,1.1920928955078125e-07,0.9999999999999999,0.0026131374961583975,0.015925716014695033,0.02,0,0.0,1,1,1,1,1,-27.88361358642578,42.88361358642578
29,1001,444131097.2569733,444131097.2569733,0.0,1.0,0.0014380857449881395,0.016170962099965932,0.02,0,0.0,1,1,1,1,1,-27.88361358642578,42.88361358642578
30,1001,440132460.3848961,440132460.3848961,0.0,1.0,0.001485310273423311,0.016430903248363847,0.02,0,0.0,1,1,1,1,1,-27.88361358642578,42.88361358642578
31,1001,413984252.433776,413984252.4337761,0.0,1.0000000000000002,0.0013452001760613892,0.016706540234869612,0.02,0,0.0,1,1,1,1,1,-27.88361358642578,42.88361358642578
32,1001,440126810.08444625,440126810.08444625,0.0,1.0,0.0014170572958703118,0.01693040636828413,0.02,0,0.0,1,1,1,1,1,-27.88361358642578,42.88361358642578
33,1001,499913176.69011617,499913176.69011617,0.0,1.0,0.0016164636061403125,0.017092011569523446,0.02,0,0.0,1,1,1,1,1,-27.88361358642578,42.88361358642578
34,1001,463157772.2696869,463157772.269687,0.0,1.0000000000000002,0.001574635986648084,0.01725680657189242,0.02,0,0.0,1,1,1,1,1,-27.88361358642578,42.88361358642578
35,1001,450682911.2398095,450682911.23980945,5.960464477539063e-08,0.9999999999999999,0.0014831896701542626,0.01745273733906383,0.02,0,0.0,1,1,1,1,1,-27.88361358642578,42.88361358642578
36,1001,485034058.7868085,485034058.7868085,0.0,1.0,0.00157995196992527,0.01758661830563087,0.02,0,0.0,1,1,1,1,1,-27.88361358642578,42.88361358642578
37,1001,485878530.7794067,485878530.7794067,0.0,1.0,0.0015342057225006232,0.017732000563434047,0.02,0,0.0,1,1,1,1,1,-27.88361358642578,42.88361358642578
38,1001,486295454.8862098,486295454.88620985,0.0,1.0000000000000002,0.0015665450025956456,0.01781820641690761,0.02,0,0.0,1,1,1,1,1,-27.88361358642578,42.88361358642578
39,1001,390678355.89167416,390678355.89167416,0.0,1.0,0.0011778806729084233,0.01802436001305806,0.02,0,0.0,1,1,1,1,1,-27.88361358642578,42.88361358642578
40,1001,478729550.1157915,478729550.11579144,5.960464477539063e-08,0.9999999999999999,0.0013807371498969492,0.01816540281938632,0.02,0,0.0,1,1,1,1,1,-27.88361358642578,42.88361358642578
41,1001,431953407.1576136,431953407.1576135,5.960464477539063e-08,0.9999999999999999,0.0012901598255870568,0.018356348825624723,0.02,0,0.0,1,1,1,1,1,-27.88361358642578,42.88361358642578
42,1001,475159069.8510225,475159069.8510225,0.0,1.0,0.001430181557206801,0.018454339584108116,0.02,0,0.0,1,1,1,1,1,-27.88361358642578,42.88361358642578
43,1001,505075023.6795088,505075023.67950875,5.960464477539063e-08,0.9999999999999999,0.001507185048544032,0.0185350908179419,0.02,0,0.0,1,1,1,1,1,-27.88361358642578,42.88361358642578
44,1001,448118184.5258307,448118184.5258307,0.0,1.0,0.0013703044041350186,0.018686767880931994,0.02,0,0.0,1,1,1,1,1,-27.88361358642578,42.88361358642578
45,1001,440635137.4218692,440635137.4218692,0.0,1.0,0.0013485601739526276,0.018819304156959253,0.02,0,0.0,1,1,1,1,1,-27.88361358642578,42.88361358642578
46,1001,454367117.3217425,454367117.3217425,0.0,1.0,0.0014139660523028975,0.018938271988162617,0.02,0,0.0,1,1,1,1,1,-27.88361358642578,42.88361358642578
47,1001,416823971.55310345,416823971.5531034,5.960464477539063e-08,0.9999999999999999,0.0013213005637115575,0.019102054520709722,0.02,0,0.0,1,1,1,1,1,-27.88361358642578,42.88361358642578
48,1001,505880160.91350335,505880160.9135033,5.960464477539063e-08,0.9999999999999999,0.001544924679333192,0.019161859899358872,0.02,0,0.0,1,1,1,1,1,-27.88361358642578,42.88361358642578
49,1001,484646708.50527155,484646708.50527155,0.0,1.0,0.0015489881374549145,0.01922690952296423,0.02,0,0.0,1,1,1,1,1,-27.88361358642578,42.88361358642578
50,1001,445032083.3873434,445032083.3873434,0.0,1.0,0.0014106215258006297,0.019351645071678893,0.02,0,0.0,1,1,1,1,1,-27.88361358642578,42.88361358642578
51,1001,439850538.6836333,439850538.6836333,0.0,1.0,0.0013963113947326991,0.01943670439267793,0.02,0,0.0,1,1,1,1,1,-27.88361358642578,42.88361358642578
52,1001,482452450.001261,482452450.001261,0.0,1.0,0.001497027178581053,0.019545677642759655,0.02,0,0.0,1,1,1,1,1,-27.88361358642578,42.88361358642578
